{
  "loss": [
    1.9071587324142456,
    1.2212979793548584,
    1.061354637145996,
    1.0110840797424316,
    0.9807113409042358,
    0.959202766418457,
    0.943639874458313,
    0.9285222291946411,
    0.9132853150367737,
    0.8988649249076843,
    0.8843343257904053
  ],
  "phase_output_accuracy": [
    0.7363594770431519,
    0.7767044305801392,
    0.7857533097267151,
    0.7968946099281311,
    0.8041683435440063,
    0.8088583946228027,
    0.812134325504303,
    0.8152097463607788,
    0.8187465667724609,
    0.8221400380134583,
    0.826098620891571
  ],
  "phase_output_loss": [
    0.6691311597824097,
    0.5426332354545593,
    0.5067583322525024,
    0.48738089203834534,
    0.47290393710136414,
    0.46266797184944153,
    0.4549604654312134,
    0.4476863741874695,
    0.4401274025440216,
    0.43285825848579407,
    0.42563170194625854
  ],
  "regression_output_loss": [
    12.354899406433105,
    6.7706122398376465,
    5.532787799835205,
    5.225317478179932,
    5.067168712615967,
    4.95474910736084,
    4.877077102661133,
    4.800111293792725,
    4.722325325012207,
    4.65128755569458,
    4.578664302825928
  ],
  "regression_output_mae": [
    12.37311840057373,
    6.783018112182617,
    5.543258190155029,
    5.235177516937256,
    5.0762810707092285,
    4.963655471801758,
    4.885150909423828,
    4.807134628295898,
    4.729660511016846,
    4.658885478973389,
    4.585886478424072
  ],
  "val_loss": [
    1.4065654277801514,
    1.1237263679504395,
    1.0483160018920898,
    1.0239810943603516,
    0.9981074929237366,
    0.9928263425827026,
    0.9969090223312378,
    1.0077522993087769,
    1.0294469594955444,
    1.0540944337844849,
    1.062864899635315
  ],
  "val_phase_output_accuracy": [
    0.7639981508255005,
    0.7632056474685669,
    0.7734283804893494,
    0.7821474671363831,
    0.7918622493743896,
    0.7941589951515198,
    0.7926143407821655,
    0.7903380990028381,
    0.78513503074646,
    0.7822288274765015,
    0.7798713445663452
  ],
  "val_phase_output_loss": [
    0.5880998969078064,
    0.5432955026626587,
    0.5173803567886353,
    0.5057860016822815,
    0.489353746175766,
    0.4823929965496063,
    0.4846687316894531,
    0.4915216267108917,
    0.5056552886962891,
    0.5207440853118896,
    0.5279008746147156
  ],
  "val_regression_output_loss": [
    8.1162748336792,
    5.7497148513793945,
    5.263805866241455,
    5.138911724090576,
    5.0401411056518555,
    5.057352542877197,
    5.074845790863037,
    5.114952087402344,
    5.189113140106201,
    5.280996322631836,
    5.294890880584717
  ],
  "val_regression_output_mae": [
    8.162423133850098,
    5.785988807678223,
    5.293427467346191,
    5.166734218597412,
    5.071267604827881,
    5.0882697105407715,
    5.1061577796936035,
    5.145766258239746,
    5.2204976081848145,
    5.313361644744873,
    5.328397750854492
  ]
}