{
  "loss": [
    1.8734945058822632,
    1.2004117965698242,
    1.0340020656585693,
    0.9887471199035645,
    0.960415780544281,
    0.9404504895210266,
    0.921689510345459,
    0.9068170785903931,
    0.8929340839385986,
    0.8795623183250427,
    0.8681671619415283
  ],
  "phase_output_accuracy": [
    0.7541002035140991,
    0.781237781047821,
    0.7969078421592712,
    0.8067523241043091,
    0.8111944794654846,
    0.8136042952537537,
    0.8170716166496277,
    0.8200427889823914,
    0.8230534791946411,
    0.8259682059288025,
    0.8284177184104919
  ],
  "phase_output_loss": [
    0.6246310472488403,
    0.5219664573669434,
    0.48414966464042664,
    0.4683080315589905,
    0.4569859206676483,
    0.4490339457988739,
    0.4401557743549347,
    0.4334395229816437,
    0.42733412981033325,
    0.42080965638160706,
    0.4161900579929352
  ],
  "regression_output_loss": [
    12.465248107910156,
    6.768501281738281,
    5.484861373901367,
    5.191788673400879,
    5.023266315460205,
    4.9039716720581055,
    4.806286334991455,
    4.7249579429626465,
    4.64766263961792,
    4.580255508422852,
    4.512077808380127
  ],
  "regression_output_mae": [
    12.483210563659668,
    6.780795574188232,
    5.495909690856934,
    5.202528953552246,
    5.032727241516113,
    4.912679672241211,
    4.814098358154297,
    4.732607841491699,
    4.655034065246582,
    4.5865983963012695,
    4.518976211547852
  ],
  "val_loss": [
    1.4112260341644287,
    1.1158658266067505,
    1.0477070808410645,
    1.0174345970153809,
    1.003737211227417,
    0.9963502883911133,
    1.0041227340698242,
    1.0126521587371826,
    1.0254602432250977,
    1.0378450155258179,
    1.0410372018814087
  ],
  "val_phase_output_accuracy": [
    0.7529216408729553,
    0.7633886337280273,
    0.7759893536567688,
    0.7901957035064697,
    0.7927766442298889,
    0.7917605042457581,
    0.7896469235420227,
    0.7888137102127075,
    0.7868624925613403,
    0.7848096489906311,
    0.7823913097381592
  ],
  "val_phase_output_loss": [
    0.5905028581619263,
    0.5413331985473633,
    0.5164015889167786,
    0.49663910269737244,
    0.48932158946990967,
    0.4851739704608917,
    0.4915182888507843,
    0.49833977222442627,
    0.5071346163749695,
    0.5173856616020203,
    0.5203978419303894
  ],
  "val_regression_output_loss": [
    8.1414213180542,
    5.6828694343566895,
    5.2646260261535645,
    5.166414260864258,
    5.102533340454102,
    5.06857442855835,
    5.084774971008301,
    5.0964274406433105,
    5.1333417892456055,
    5.153975009918213,
    5.15658712387085
  ],
  "val_regression_output_mae": [
    8.183191299438477,
    5.723019599914551,
    5.2940826416015625,
    5.19323205947876,
    5.129550457000732,
    5.097146034240723,
    5.112197399139404,
    5.126191139221191,
    5.164597511291504,
    5.185447692871094,
    5.187891960144043
  ]
}