{
  "loss": [
    1.8150577545166016,
    1.268143892288208,
    1.1351392269134521,
    1.0936719179153442,
    1.0702868700027466,
    1.0511583089828491,
    1.0339031219482422,
    1.0181736946105957,
    1.003461241722107
  ],
  "phase_output_accuracy": [
    0.7206942439079285,
    0.7529050707817078,
    0.7699163556098938,
    0.7775800228118896,
    0.7810218334197998,
    0.7846089601516724,
    0.7876366972923279,
    0.7905137538909912,
    0.7935737371444702
  ],
  "phase_output_loss": [
    0.720653772354126,
    0.6019444465637207,
    0.5639389753341675,
    0.5472671389579773,
    0.5368281602859497,
    0.5284401774406433,
    0.5206429958343506,
    0.5136678218841553,
    0.5068651437759399
  ],
  "regression_output_loss": [
    10.94138240814209,
    6.661993980407715,
    5.711938381195068,
    5.463824272155762,
    5.334247589111328,
    5.226452827453613,
    5.131302833557129,
    5.043481826782227,
    4.9640703201293945
  ],
  "regression_output_mae": [
    10.943906784057617,
    6.662114143371582,
    5.711951732635498,
    5.463901996612549,
    5.334327220916748,
    5.226730823516846,
    5.131913185119629,
    5.044293403625488,
    4.965112209320068
  ],
  "val_loss": [
    1.3894490003585815,
    1.1917359828948975,
    1.1399178504943848,
    1.132584810256958,
    1.1360199451446533,
    1.1433634757995605,
    1.164506196975708,
    1.177168369293213,
    1.1887354850769043
  ],
  "val_phase_output_accuracy": [
    0.7338626384735107,
    0.7510600090026855,
    0.7645365595817566,
    0.7636281251907349,
    0.760513186454773,
    0.7563599348068237,
    0.7520984411239624,
    0.7498055696487427,
    0.7476637959480286
  ],
  "val_phase_output_loss": [
    0.6658198833465576,
    0.6018097996711731,
    0.5795416831970215,
    0.577960729598999,
    0.5818136930465698,
    0.5856401324272156,
    0.5994936227798462,
    0.6074060201644897,
    0.6156548857688904
  ],
  "val_regression_output_loss": [
    7.197968006134033,
    5.859638690948486,
    5.5688090324401855,
    5.513030052185059,
    5.509439468383789,
    5.543247699737549,
    5.615074157714844,
    5.6599225997924805,
    5.689061164855957
  ],
  "val_regression_output_mae": [
    7.218910217285156,
    5.884518146514893,
    5.589192867279053,
    5.5324578285217285,
    5.52869987487793,
    5.563143730163574,
    5.6348490715026855,
    5.680870056152344,
    5.712292671203613
  ]
}