{
  "loss": [
    1.8603445291519165,
    1.2933998107910156,
    1.152312994003296,
    1.1096118688583374,
    1.0863916873931885,
    1.0711190700531006,
    1.0551508665084839,
    1.038774013519287,
    1.0213711261749268,
    1.0030399560928345,
    0.9876139760017395
  ],
  "phase_output_accuracy": [
    0.7060909271240234,
    0.7450513243675232,
    0.7601537704467773,
    0.7700515389442444,
    0.7758821845054626,
    0.7788482308387756,
    0.7821651101112366,
    0.7865117788314819,
    0.790037989616394,
    0.7944410443305969,
    0.7986763715744019
  ],
  "phase_output_loss": [
    0.7633318901062012,
    0.6243568658828735,
    0.5797774195671082,
    0.5604093670845032,
    0.5484720468521118,
    0.5410090088844299,
    0.5332925915718079,
    0.5256810784339905,
    0.5169466733932495,
    0.5084522366523743,
    0.5011265277862549
  ],
  "regression_output_loss": [
    10.967239379882812,
    6.690617561340332,
    5.725339412689209,
    5.491844177246094,
    5.378997802734375,
    5.300538063049316,
    5.218018531799316,
    5.130209445953369,
    5.043158531188965,
    4.944953441619873,
    4.863672256469727
  ],
  "regression_output_mae": [
    10.96957778930664,
    6.69069242477417,
    5.725307941436768,
    5.49189567565918,
    5.37909460067749,
    5.300786972045898,
    5.21829080581665,
    5.130620956420898,
    5.043655872344971,
    4.945436000823975,
    4.86425256729126
  ],
  "val_loss": [
    1.4310671091079712,
    1.1941120624542236,
    1.1332749128341675,
    1.119996428489685,
    1.1215152740478516,
    1.1192487478256226,
    1.130122423171997,
    1.1531445980072021,
    1.1642495393753052,
    1.194736123085022,
    1.2281056642532349
  ],
  "val_phase_output_accuracy": [
    0.7236091494560242,
    0.7479015588760376,
    0.7633901238441467,
    0.7662457227706909,
    0.7620922327041626,
    0.7632601261138916,
    0.7636064887046814,
    0.7611839175224304,
    0.7636284232139587,
    0.7610539197921753,
    0.7585662007331848
  ],
  "val_phase_output_loss": [
    0.6827353239059448,
    0.6051215529441833,
    0.5759982466697693,
    0.5722642540931702,
    0.5741263628005981,
    0.5727460384368896,
    0.5799318552017212,
    0.593034029006958,
    0.6012035608291626,
    0.6199460625648499,
    0.6399767994880676
  ],
  "val_regression_output_loss": [
    7.45664119720459,
    5.850374221801758,
    5.538061141967773,
    5.442657947540283,
    5.439858436584473,
    5.43058443069458,
    5.466599464416504,
    5.563467979431152,
    5.588388919830322,
    5.701443672180176,
    5.831877708435059
  ],
  "val_regression_output_mae": [
    7.472486972808838,
    5.87469482421875,
    5.558950424194336,
    5.463704586029053,
    5.4603962898254395,
    5.451231002807617,
    5.487171649932861,
    5.58542537689209,
    5.613179683685303,
    5.728671550750732,
    5.8605241775512695
  ]
}