{
  "validation": {
    "classification_accuracy": 0.7935694977948499,
    "macro_f1": 0.5606782371444138,
    "weighted_f1": 0.7700613044302869,
    "regression_mae_days": 5.259045600891113,
    "regression_rmse_days": 6.471727948104536,
    "classification_report": {
      "menstruation": {
        "precision": 0.7909493359567142,
        "recall": 0.7468648397584765,
        "f1-score": 0.7682752030578117,
        "support": 2153.0
      },
      "follicular": {
        "precision": 0.8079160311263928,
        "recall": 0.9313921258903823,
        "f1-score": 0.8652712019270703,
        "support": 33553.0
      },
      "ovulation": {
        "precision": 0.0,
        "recall": 0.0,
        "f1-score": 0.0,
        "support": 1673.0
      },
      "luteal": {
        "precision": 0.7288255389327365,
        "recall": 0.5232577807848444,
        "f1-score": 0.6091665435927731,
        "support": 11824.0
      },
      "accuracy": 0.7935694977948499,
      "macro avg": {
        "precision": 0.5819227265039608,
        "recall": 0.5503786866084258,
        "f1-score": 0.5606782371444138,
        "support": 49203.0
      },
      "weighted avg": {
        "precision": 0.7606965771404048,
        "recall": 0.7935694977948499,
        "f1-score": 0.7700613044302869,
        "support": 49203.0
      }
    },
    "confusion_matrix": [
      [
        1608,
        545,
        0,
        0
      ],
      [
        425,
        31251,
        0,
        1877
      ],
      [
        0,
        1248,
        0,
        425
      ],
      [
        0,
        5637,
        0,
        6187
      ]
    ]
  },
  "test": {
    "classification_accuracy": 0.7892751790981879,
    "macro_f1": 0.555823854461678,
    "weighted_f1": 0.766077568634051,
    "regression_mae_days": 5.276535987854004,
    "regression_rmse_days": 6.492871116516434,
    "classification_report": {
      "menstruation": {
        "precision": 0.80370942812983,
        "recall": 0.705244122965642,
        "f1-score": 0.7512641464001927,
        "support": 2212.0
      },
      "follicular": {
        "precision": 0.8035569927243331,
        "recall": 0.9282490272373541,
        "f1-score": 0.8614140246984906,
        "support": 32125.0
      },
      "ovulation": {
        "precision": 0.0,
        "recall": 0.0,
        "f1-score": 0.0,
        "support": 1621.0
      },
      "luteal": {
        "precision": 0.7229159234153882,
        "recall": 0.5285167796904886,
        "f1-score": 0.6106172467480288,
        "support": 11502.0
      },
      "accuracy": 0.7892751790981879,
      "macro avg": {
        "precision": 0.5825455860673878,
        "recall": 0.5405024824733712,
        "f1-score": 0.555823854461678,
        "support": 47460.0
      },
      "weighted avg": {
        "precision": 0.7565750652637205,
        "recall": 0.7892751790981879,
        "f1-score": 0.766077568634051,
        "support": 47460.0
      }
    },
    "confusion_matrix": [
      [
        1560,
        652,
        0,
        0
      ],
      [
        381,
        29820,
        0,
        1924
      ],
      [
        0,
        1215,
        0,
        406
      ],
      [
        0,
        5423,
        0,
        6079
      ]
    ]
  },
  "experiment_config": {
    "experiment_name": "seq21_tanh_glorot_adam_bs64_dropout02",
    "seq_length": 21,
    "lstm_units": 64,
    "dense_units": 32,
    "dropout": 0.2,
    "dropout_rate": 0.2,
    "dense_activation": "tanh",
    "kernel_initializer": "glorot_uniform",
    "recurrent_initializer": "orthogonal",
    "optimizer_name": "Adam",
    "learning_rate": 0.001,
    "batch_size": 64,
    "epochs": 30,
    "loss_weights": {
      "phase_output": 1.0,
      "regression_output": 0.1
    }
  },
  "baseline_config": {
    "experiment_name": "seq21_tanh_glorot_adam_bs64_dropout02",
    "seq_length": 21,
    "lstm_units": 64,
    "dense_units": 32,
    "dropout": 0.2,
    "dropout_rate": 0.2,
    "dense_activation": "tanh",
    "kernel_initializer": "glorot_uniform",
    "recurrent_initializer": "orthogonal",
    "optimizer_name": "Adam",
    "learning_rate": 0.001,
    "batch_size": 64,
    "epochs": 30,
    "loss_weights": {
      "phase_output": 1.0,
      "regression_output": 0.1
    }
  }
}