{
  "loss": [
    3.2354609966278076,
    2.950650453567505,
    2.8584775924682617,
    2.7909281253814697,
    2.730198860168457,
    2.67250919342041,
    2.614680767059326,
    2.5572710037231445,
    2.49922513961792,
    2.4407548904418945,
    2.3826756477355957,
    2.324995756149292,
    2.268045663833618,
    2.213452100753784,
    2.159764051437378,
    2.1080098152160645,
    2.059234619140625,
    2.0133140087127686,
    1.9699435234069824,
    1.9297367334365845,
    1.8921421766281128,
    1.8570623397827148,
    1.8254427909851074,
    1.7955762147903442,
    1.768383264541626,
    1.742879867553711,
    1.7188271284103394,
    1.6975098848342896,
    1.6767973899841309,
    1.6563174724578857
  ],
  "phase_output_accuracy": [
    0.5538005828857422,
    0.6883226633071899,
    0.6883313655853271,
    0.6883357167243958,
    0.688357412815094,
    0.6883661150932312,
    0.6885054111480713,
    0.6886575222015381,
    0.6887317299842834,
    0.6887881755828857,
    0.6891798973083496,
    0.6894757151603699,
    0.6895540952682495,
    0.6902107000350952,
    0.6902679204940796,
    0.690441370010376,
    0.6912460327148438,
    0.691368043422699,
    0.6922775506973267,
    0.6925340294837952,
    0.6936737895011902,
    0.6944565176963806,
    0.6952528357505798,
    0.6959533095359802,
    0.6974935531616211,
    0.6991420388221741,
    0.701365053653717,
    0.7039015293121338,
    0.7067946195602417,
    0.7104093432426453
  ],
  "phase_output_loss": [
    1.1743892431259155,
    0.934512734413147,
    0.8825035095214844,
    0.8566719889640808,
    0.8396525382995605,
    0.8283048272132874,
    0.8188906908035278,
    0.8116374015808105,
    0.8052984476089478,
    0.7995309233665466,
    0.7946690320968628,
    0.7899500727653503,
    0.7853138446807861,
    0.7817126512527466,
    0.7772321105003357,
    0.7727540731430054,
    0.768616259098053,
    0.7647910714149475,
    0.760771632194519,
    0.7563372254371643,
    0.7521555423736572,
    0.7476806640625,
    0.7438470721244812,
    0.7389693856239319,
    0.7348177433013916,
    0.7297645211219788,
    0.7244877815246582,
    0.7197390794754028,
    0.714223325252533,
    0.7077099084854126
  ],
  "regression_output_loss": [
    20.60079002380371,
    20.155454635620117,
    19.753061294555664,
    19.336647033691406,
    18.898752212524414,
    18.43638038635254,
    17.951478958129883,
    17.450307846069336,
    16.931873321533203,
    16.405101776123047,
    15.87238883972168,
    15.343019485473633,
    14.81939697265625,
    14.309026718139648,
    13.816513061523438,
    13.34320068359375,
    12.897703170776367,
    12.475915908813477,
    12.081247329711914,
    11.722663879394531,
    11.38989543914795,
    11.083990097045898,
    10.806167602539062,
    10.554309844970703,
    10.325898170471191,
    10.120096206665039,
    9.93264102935791,
    9.766509056091309,
    9.61345100402832,
    9.47424602508545
  ],
  "regression_output_mae": [
    20.604127883911133,
    20.15868377685547,
    19.756254196166992,
    19.33998680114746,
    18.90212631225586,
    18.439800262451172,
    17.95488739013672,
    17.453990936279297,
    16.935718536376953,
    16.409080505371094,
    15.876309394836426,
    15.347002983093262,
    14.82381534576416,
    14.313602447509766,
    13.821573257446289,
    13.348503112792969,
    12.903083801269531,
    12.481888771057129,
    12.087549209594727,
    11.7288236618042,
    11.396248817443848,
    11.090302467346191,
    10.812902450561523,
    10.56103515625,
    10.332531929016113,
    10.126910209655762,
    9.939203262329102,
    9.773764610290527,
    9.620317459106445,
    9.481409072875977
  ],
  "val_loss": [
    2.9917728900909424,
    2.8675832748413086,
    2.794901132583618,
    2.73161244392395,
    2.672009229660034,
    2.6135575771331787,
    2.555354356765747,
    2.496704578399658,
    2.4375803470611572,
    2.3785786628723145,
    2.319563150405884,
    2.261474609375,
    2.204911231994629,
    2.1496975421905518,
    2.097142219543457,
    2.0470709800720215,
    1.9994250535964966,
    1.9553009271621704,
    1.9135605096817017,
    1.875280499458313,
    1.8394886255264282,
    1.8066458702087402,
    1.7760285139083862,
    1.7481231689453125,
    1.7217090129852295,
    1.6980223655700684,
    1.6752591133117676,
    1.6541848182678223,
    1.6346559524536133,
    1.6156916618347168
  ],
  "val_phase_output_accuracy": [
    0.6819299459457397,
    0.6819299459457397,
    0.6819299459457397,
    0.6819299459457397,
    0.6819299459457397,
    0.6819299459457397,
    0.6819299459457397,
    0.6819299459457397,
    0.6819299459457397,
    0.6819299459457397,
    0.6819299459457397,
    0.6819299459457397,
    0.6819299459457397,
    0.6819299459457397,
    0.6819299459457397,
    0.6819299459457397,
    0.6819299459457397,
    0.6819299459457397,
    0.6819299459457397,
    0.6819299459457397,
    0.6819299459457397,
    0.6819299459457397,
    0.6819299459457397,
    0.6819299459457397,
    0.682092547416687,
    0.6827428936958313,
    0.6844094395637512,
    0.6885149478912354,
    0.6952828168869019,
    0.702944815158844
  ],
  "val_phase_output_loss": [
    0.9834272861480713,
    0.9010167717933655,
    0.8693145513534546,
    0.8491718173027039,
    0.8350759744644165,
    0.8246732950210571,
    0.8164821863174438,
    0.8096343278884888,
    0.8035867810249329,
    0.7980766296386719,
    0.7929506301879883,
    0.7881002426147461,
    0.7833706140518188,
    0.7787987589836121,
    0.7743781208992004,
    0.7699450850486755,
    0.7656494379043579,
    0.7612513899803162,
    0.7568830251693726,
    0.7524498701095581,
    0.7478921413421631,
    0.7432684302330017,
    0.7384376525878906,
    0.7333703637123108,
    0.7281894087791443,
    0.7227675914764404,
    0.7171562910079956,
    0.7112823724746704,
    0.7050653100013733,
    0.6987825036048889
  ],
  "val_regression_output_loss": [
    20.036100387573242,
    19.622940063476562,
    19.211837768554688,
    18.777923583984375,
    18.32056427001953,
    17.83829116821289,
    17.3369083404541,
    16.817955017089844,
    16.2867488861084,
    15.751688957214355,
    15.212949752807617,
    14.68121337890625,
    14.163716316223145,
    13.658329010009766,
    13.178437232971191,
    12.723557472229004,
    12.29171371459961,
    11.896240234375,
    11.524331092834473,
    11.187777519226074,
    10.877281188964844,
    10.597012519836426,
    10.340951919555664,
    10.11423110961914,
    9.903573989868164,
    9.722522735595703,
    9.55250072479248,
    9.401869773864746,
    9.269789695739746,
    9.14401626586914
  ],
  "val_regression_output_mae": [
    20.102205276489258,
    19.689292907714844,
    19.278369903564453,
    18.8446044921875,
    18.38739776611328,
    17.90521812438965,
    17.403841018676758,
    16.884855270385742,
    16.353349685668945,
    15.817876815795898,
    15.278560638427734,
    14.74582576751709,
    14.227115631103516,
    13.720301628112793,
    13.238604545593262,
    12.781787872314453,
    12.347919464111328,
    11.950166702270508,
    11.576008796691895,
    11.237123489379883,
    10.924311637878418,
    10.641737937927246,
    10.383417129516602,
    10.154485702514648,
    9.941720962524414,
    9.758584022521973,
    9.586628913879395,
    9.434120178222656,
    9.300278663635254,
    9.172882080078125
  ]
}