{
  "loss": [
    2.207545757293701,
    1.5606746673583984,
    1.2706226110458374,
    1.1276297569274902,
    1.0590094327926636,
    1.0215469598770142,
    0.9971078038215637,
    0.9778047204017639,
    0.9605304002761841,
    0.9435513615608215,
    0.9314447045326233,
    0.9139301776885986,
    0.8986634612083435
  ],
  "phase_output_accuracy": [
    0.7148730158805847,
    0.77226722240448,
    0.7781316041946411,
    0.7827429175376892,
    0.7891903519630432,
    0.7973208427429199,
    0.8041076064109802,
    0.8089885115623474,
    0.8123164772987366,
    0.8167109489440918,
    0.8195163607597351,
    0.8240713477134705,
    0.82692950963974
  ],
  "phase_output_loss": [
    0.728644609451294,
    0.5825203061103821,
    0.5420752167701721,
    0.5162754058837891,
    0.4982205629348755,
    0.4852682054042816,
    0.47546932101249695,
    0.4668038785457611,
    0.4594043493270874,
    0.4511907398700714,
    0.4462176561355591,
    0.43787041306495667,
    0.43055471777915955
  ],
  "regression_output_loss": [
    14.744832992553711,
    9.75458812713623,
    7.263647556304932,
    6.094673156738281,
    5.5894694328308105,
    5.34349250793457,
    5.196173667907715,
    5.088076591491699,
    4.989378929138184,
    4.9053544998168945,
    4.831223487854004,
    4.739999771118164,
    4.661769390106201
  ],
  "regression_output_mae": [
    14.773985862731934,
    9.775324821472168,
    7.280477523803711,
    6.11024284362793,
    5.60535192489624,
    5.360499382019043,
    5.212887763977051,
    5.106385707855225,
    5.0072455406188965,
    4.920451641082764,
    4.849067211151123,
    4.756770610809326,
    4.677145481109619
  ],
  "val_loss": [
    1.7191933393478394,
    1.3735907077789307,
    1.1930946111679077,
    1.1001969575881958,
    1.0620962381362915,
    1.0462273359298706,
    1.0444085597991943,
    1.032539963722229,
    1.0560592412948608,
    1.0602202415466309,
    1.0885196924209595,
    1.0896296501159668,
    1.0860350131988525
  ],
  "val_phase_output_accuracy": [
    0.7717213034629822,
    0.7644657492637634,
    0.7650957107543945,
    0.7756844162940979,
    0.7861716151237488,
    0.7893624305725098,
    0.7906632423400879,
    0.7935693860054016,
    0.7866594791412354,
    0.7846472263336182,
    0.7799524068832397,
    0.7779810428619385,
    0.7793834209442139
  ],
  "val_phase_output_loss": [
    0.5996907949447632,
    0.5697004795074463,
    0.5482582449913025,
    0.5241793990135193,
    0.5136449933052063,
    0.5096849203109741,
    0.5121661424636841,
    0.5075545907020569,
    0.5231636762619019,
    0.5265346765518188,
    0.5449853539466858,
    0.5473918914794922,
    0.5458233952522278
  ],
  "val_regression_output_loss": [
    11.220589637756348,
    8.063034057617188,
    6.4732465744018555,
    5.792810440063477,
    5.521849155426025,
    5.402896404266357,
    5.361991882324219,
    5.287808418273926,
    5.367523670196533,
    5.377760887145996,
    5.477653503417969,
    5.456377983093262,
    5.437505722045898
  ],
  "val_regression_output_mae": [
    11.198083877563477,
    8.040895462036133,
    6.450650691986084,
    5.767271041870117,
    5.49428129196167,
    5.374736309051514,
    5.332866191864014,
    5.259045600891113,
    5.33784294128418,
    5.346635818481445,
    5.445552349090576,
    5.426992416381836,
    5.407730579376221
  ]
}