{
  "loss": [
    1.6032142639160156,
    1.1477323770523071,
    1.0735834836959839,
    1.0352089405059814,
    1.0136579275131226,
    0.9962369203567505,
    0.9809814691543579,
    0.9670389294624329,
    0.9523080587387085,
    0.9418081641197205,
    0.931197464466095,
    0.9199756979942322,
    0.9133901000022888,
    0.9030418395996094,
    0.8938542604446411
  ],
  "phase_output_accuracy": [
    0.7336403727531433,
    0.7746987342834473,
    0.7798975706100464,
    0.786353349685669,
    0.7920656800270081,
    0.7965858578681946,
    0.8010143637657166,
    0.8054125905036926,
    0.8089492917060852,
    0.8120993375778198,
    0.815035879611969,
    0.8176335096359253,
    0.8189466595649719,
    0.820808470249176,
    0.823245108127594
  ],
  "phase_output_loss": [
    0.6701360940933228,
    0.5543150305747986,
    0.5309794545173645,
    0.5140807032585144,
    0.5006012916564941,
    0.4891848564147949,
    0.47895509004592896,
    0.4700867533683777,
    0.46076369285583496,
    0.45488303899765015,
    0.4481319487094879,
    0.44220736622810364,
    0.4388028383255005,
    0.43282845616340637,
    0.4283359944820404
  ],
  "regression_output_loss": [
    9.312464714050293,
    5.920312881469727,
    5.41395378112793,
    5.201227188110352,
    5.119316577911377,
    5.058757781982422,
    5.010733127593994,
    4.9584245681762695,
    4.904453277587891,
    4.860750675201416,
    4.820365905761719,
    4.767920970916748,
    4.737468719482422,
    4.692968845367432,
    4.647763252258301
  ],
  "regression_output_mae": [
    9.327583312988281,
    5.930756092071533,
    5.422317981719971,
    5.208948612213135,
    5.128152370452881,
    5.067788124084473,
    5.018916606903076,
    4.966820240020752,
    4.912802696228027,
    4.8672990798950195,
    4.828982353210449,
    4.7763590812683105,
    4.745034694671631,
    4.700703144073486,
    4.65437650680542
  ],
  "val_loss": [
    1.221815824508667,
    1.1204211711883545,
    1.0349258184432983,
    1.018875002861023,
    1.0166106224060059,
    0.9997056126594543,
    0.9945979714393616,
    0.9878825545310974,
    0.9854440093040466,
    0.9830155968666077,
    0.9948970079421997,
    0.9995986223220825,
    1.0088578462600708,
    1.026509165763855,
    1.0487658977508545
  ],
  "val_phase_output_accuracy": [
    0.7441620230674744,
    0.7611528635025024,
    0.7735708951950073,
    0.7755623459815979,
    0.7771275639533997,
    0.7830216288566589,
    0.7863748073577881,
    0.791862428188324,
    0.7939556837081909,
    0.7935897707939148,
    0.7913336753845215,
    0.78903728723526,
    0.7872895002365112,
    0.7832450270652771,
    0.7806435823440552
  ],
  "val_phase_output_loss": [
    0.592423141002655,
    0.5609298944473267,
    0.5239823460578918,
    0.5156614184379578,
    0.5139796733856201,
    0.5003670454025269,
    0.49463072419166565,
    0.48663583397865295,
    0.4819916784763336,
    0.477853000164032,
    0.48577988147735596,
    0.48687341809272766,
    0.4945405125617981,
    0.5044839382171631,
    0.5193987488746643
  ],
  "val_regression_output_loss": [
    6.24380350112915,
    5.548718452453613,
    5.062366008758545,
    4.987982273101807,
    4.981667995452881,
    4.948809623718262,
    4.955249786376953,
    4.969437122344971,
    4.9898881912231445,
    5.00466775894165,
    5.043602466583252,
    5.076117992401123,
    5.089104175567627,
    5.163405895233154,
    5.233642578125
  ],
  "val_regression_output_mae": [
    6.276215553283691,
    5.578431606292725,
    5.0931291580200195,
    5.015084266662598,
    5.006378173828125,
    4.9722676277160645,
    4.977778911590576,
    4.9910359382629395,
    5.012732028961182,
    5.0295610427856445,
    5.068711757659912,
    5.104216575622559,
    5.118929862976074,
    5.1949310302734375,
    5.266185283660889
  ]
}