{
  "loss": [
    1.7809839248657227,
    1.1461526155471802,
    1.0595099925994873,
    1.0085803270339966,
    0.9759177565574646,
    0.9486647844314575,
    0.9258622527122498,
    0.9034078121185303,
    0.8806790709495544
  ],
  "phase_output_accuracy": [
    0.7239086031913757,
    0.7770309448242188,
    0.7879979610443115,
    0.795171856880188,
    0.8014969229698181,
    0.8085405826568604,
    0.8139745593070984,
    0.8202040195465088,
    0.8267771005630493
  ],
  "phase_output_loss": [
    0.7133388519287109,
    0.5510612726211548,
    0.5179318189620972,
    0.4998311698436737,
    0.4856731593608856,
    0.47147250175476074,
    0.45897409319877625,
    0.4465739130973816,
    0.43324658274650574
  ],
  "regression_output_loss": [
    10.647727966308594,
    5.94184684753418,
    5.408854961395264,
    5.0804667472839355,
    4.8947978019714355,
    4.762538909912109,
    4.659237861633301,
    4.557130336761475,
    4.465827941894531
  ],
  "regression_output_mae": [
    10.66744327545166,
    5.948204517364502,
    5.4137282371521,
    5.085727691650391,
    4.900412082672119,
    4.769889831542969,
    4.66730260848999,
    4.566272258758545,
    4.472257137298584
  ],
  "val_loss": [
    1.1811535358428955,
    1.0834628343582153,
    1.046535849571228,
    1.036994457244873,
    1.0415127277374268,
    1.0490583181381226,
    1.0681827068328857,
    1.089070439338684,
    1.1133155822753906
  ],
  "val_phase_output_accuracy": [
    0.7664980292320251,
    0.7753389477729797,
    0.7788752317428589,
    0.7804201245307922,
    0.7852570414543152,
    0.7842610478401184,
    0.7865374684333801,
    0.7882649898529053,
    0.787655234336853
  ],
  "val_phase_output_loss": [
    0.5664224624633789,
    0.5309568643569946,
    0.523341953754425,
    0.5227975249290466,
    0.5266228914260864,
    0.5313502550125122,
    0.5480135679244995,
    0.5639182925224304,
    0.5829082727432251
  ],
  "val_regression_output_loss": [
    6.103886604309082,
    5.47731876373291,
    5.177618503570557,
    5.086267471313477,
    5.091678142547607,
    5.118030548095703,
    5.137138366699219,
    5.183584690093994,
    5.232701301574707
  ],
  "val_regression_output_mae": [
    6.133469581604004,
    5.508142948150635,
    5.211401462554932,
    5.119781017303467,
    5.124975204467773,
    5.1523542404174805,
    5.174051761627197,
    5.222225666046143,
    5.271907329559326
  ]
}