{
  "validation": {
    "classification_accuracy": 0.7935898217588359,
    "macro_f1": 0.5656674717774491,
    "weighted_f1": 0.773563056119646,
    "regression_mae_days": 5.029560089111328,
    "regression_rmse_days": 6.179864970093115,
    "classification_report": {
      "menstruation": {
        "precision": 0.8305718866916088,
        "recall": 0.7217835578262889,
        "f1-score": 0.7723658051689861,
        "support": 2153.0
      },
      "follicular": {
        "precision": 0.8176040420156894,
        "recall": 0.9163413107620779,
        "f1-score": 0.8641614435481604,
        "support": 33553.0
      },
      "ovulation": {
        "precision": 0.0,
        "recall": 0.0,
        "f1-score": 0.0,
        "support": 1673.0
      },
      "luteal": {
        "precision": 0.6936362701757993,
        "recall": 0.5706190798376184,
        "f1-score": 0.6261426383926499,
        "support": 11824.0
      },
      "accuracy": 0.7935898217588359,
      "macro avg": {
        "precision": 0.5854530497207744,
        "recall": 0.5521859871064964,
        "f1-score": 0.5656674717774491,
        "support": 49203.0
      },
      "weighted avg": {
        "precision": 0.7605805530629861,
        "recall": 0.7935898217588359,
        "f1-score": 0.773563056119646,
        "support": 49203.0
      }
    },
    "confusion_matrix": [
      [
        1554,
        599,
        0,
        0
      ],
      [
        317,
        30746,
        0,
        2490
      ],
      [
        0,
        1183,
        0,
        490
      ],
      [
        0,
        5077,
        0,
        6747
      ]
    ]
  },
  "test": {
    "classification_accuracy": 0.7875052675937632,
    "macro_f1": 0.5582301930159534,
    "weighted_f1": 0.7680455397301023,
    "regression_mae_days": 5.157580852508545,
    "regression_rmse_days": 6.355481054555544,
    "classification_report": {
      "menstruation": {
        "precision": 0.835287548855388,
        "recall": 0.6763110307414105,
        "f1-score": 0.747439420434674,
        "support": 2212.0
      },
      "follicular": {
        "precision": 0.8134394833537468,
        "recall": 0.9096342412451361,
        "f1-score": 0.8588517097973519,
        "support": 32125.0
      },
      "ovulation": {
        "precision": 0.0,
        "recall": 0.0,
        "f1-score": 0.0,
        "support": 1621.0
      },
      "luteal": {
        "precision": 0.6831195484864033,
        "recall": 0.5787689097548252,
        "f1-score": 0.626629641831788,
        "support": 11502.0
      },
      "accuracy": 0.7875052675937632,
      "macro avg": {
        "precision": 0.5829616451738846,
        "recall": 0.541178545435343,
        "f1-score": 0.5582301930159534,
        "support": 47460.0
      },
      "weighted avg": {
        "precision": 0.7550914561208986,
        "recall": 0.7875052675937632,
        "f1-score": 0.7680455397301023,
        "support": 47460.0
      }
    },
    "confusion_matrix": [
      [
        1496,
        716,
        0,
        0
      ],
      [
        295,
        29222,
        0,
        2608
      ],
      [
        0,
        1141,
        0,
        480
      ],
      [
        0,
        4845,
        0,
        6657
      ]
    ]
  },
  "experiment_config": {
    "experiment_name": "seq21_relu_glorot_adam_bs32_dropout02",
    "seq_length": 21,
    "lstm_units": 64,
    "dense_units": 32,
    "dropout": 0.2,
    "dropout_rate": 0.2,
    "dense_activation": "relu",
    "kernel_initializer": "glorot_uniform",
    "recurrent_initializer": "orthogonal",
    "optimizer_name": "Adam",
    "learning_rate": 0.001,
    "batch_size": 32,
    "epochs": 30,
    "loss_weights": {
      "phase_output": 1.0,
      "regression_output": 0.1
    }
  },
  "baseline_config": {
    "experiment_name": "seq21_relu_glorot_adam_bs32_dropout02",
    "seq_length": 21,
    "lstm_units": 64,
    "dense_units": 32,
    "dropout": 0.2,
    "dropout_rate": 0.2,
    "dense_activation": "relu",
    "kernel_initializer": "glorot_uniform",
    "recurrent_initializer": "orthogonal",
    "optimizer_name": "Adam",
    "learning_rate": 0.001,
    "batch_size": 32,
    "epochs": 30,
    "loss_weights": {
      "phase_output": 1.0,
      "regression_output": 0.1
    }
  }
}